lon,lat,region
7.4139657,51.49055343,campus
7.41600202,51.49071491,campus
7.41717576,51.49066763,campus
7.41680351,51.4918387,campus
7.41622166,51.49253066,campus
7.4157706999999995,51.49371518,campus
7.41552672,51.4943804,campus
7.41550146,51.49443217,campus
7.41550146,51.49443217,campus
7.41548456,51.49444349,campus
7.41544831,51.49454494,campus
7.41501793,51.49451863,campus
7.41329291,51.49425293,campus
7.41150366,51.49400541,campus
7.40975634,51.49376245,campus
7.40757866,51.4934652,campus
7.40590101,51.49325833,campus
7.40310166,51.49298137,campus
7.40226175,51.49299979,campus
7.40209701,51.49300893,campus
7.40209701,51.49300893,campus
7.40200007,51.49300998,campus
7.40175115,51.49226098,campus
7.401755900000001,51.49139091,campus
7.40178002,51.49046045,campus
7.40177736,51.48962588,campus
7.40234932,51.48939958,campus
7.40405264,51.48941651,campus
7.40585424,51.48944706,campus
7.40794722,51.48977473,campus
7.40918267,51.4898971,campus
7.41128259,51.49017144,campus
7.41443121,51.49060324,campus
7.41633238,51.49067793,campus
7.41681556,51.49058851,campus
7.41681556,51.49058851,campus
7.41681556,51.49058851,campus
7.41722512,51.49072684,campus
7.41684288,51.49174002,campus
7.41632293,51.49235502,campus
7.41582499,51.49379666,campus
7.41556766,51.49431236,campus
7.41555061,51.49435323,campus
7.41555061,51.49435323,campus
7.41519561,51.49451494,campus
7.41389995,51.49434454,campus
7.410737700000001,51.493930299999995,campus
7.40660543,51.4933896,campus
7.40450542,51.49310395,campus
7.40263926,51.49299394,campus
7.40208124,51.49300662,campus
7.401746000000001,51.49263095,campus
7.4017233,51.49121643,campus
7.401714999999999,51.49053257,campus
7.40175153,51.48961465,campus
7.40175153,51.48961465,campus
7.40175544,51.48947148,campus
7.40406587,51.48938894,campus
7.40768119,51.48968193,campus
7.40972081,51.48994461,campus
7.41113607,51.49013901,campus
7.41421834,51.49054475,campus
7.4160627,51.49067765,campus
7.41694394,51.49056582,campus
7.41694394,51.49056582,campus
7.41694394,51.49056582,campus
7.41694394,51.49056582,campus
7.41700754,51.49124584,campus
7.4164924,51.49217868,campus
7.415924,51.49320884,campus
7.41555746,51.49428491,campus
7.41434896,51.49441215,campus
7.41258216,51.49417248,campus
7.41077618,51.49392093,campus
7.40842102,51.49362302,campus
7.40659224,51.49338142,campus
7.40459725,51.49311906,campus
7.40242109,51.49298449,campus
7.40208758,51.49299869,campus
7.40208758,51.49299869,campus
7.40208758,51.49299869,campus
7.401757099999999,51.4916205,campus
7.40172014,51.49020806,campus
7.40173911,51.48958427,campus
7.40221683,51.48940733,campus
7.403744099999999,51.4894016,campus
7.40494851,51.48940255,campus
7.40758291,51.48967141,campus
7.40888127,51.48982098,campus
7.4110769,51.49013381,campus
7.41449827,51.49058355,campus
7.41516749,51.49065835,campus
7.41555381,51.49067236,campus
7.41685629,51.49057961,campus
7.416875500000001,51.49057321,campus
7.41722822,51.49063021,campus
7.41706097,51.49115038,campus
7.41654448,51.49213173,campus
7.41592441,51.49331309,campus
7.41543702,51.494520200000004,campus
7.41428503,51.49444923,campus
7.41221356,51.4941354,campus
7.41024551,51.49384542,campus
7.40829835,51.49357057,campus
7.40632944,51.49330455,campus
7.40481128,51.4931195,campus
7.40240921,51.49297461,campus
7.40208197,51.49298215,campus
7.40208197,51.49298215,campus
7.40208197,51.49298215,campus
7.40184821,51.49293373,campus
7.40173459,51.49152289,campus
7.40171472,51.49054659,campus
7.40170239,51.48975392,campus
7.40181137,51.48939193,campus
7.40342733,51.48937599,campus
7.40550332,51.48938199,campus
7.40660039,51.48952569,campus
7.40820635,51.48974474,campus
7.41556946,51.49069087,campus
7.41666161,51.49062862,campus
7.41677384,51.49059966,campus
7.41705928,51.49124314,campus
7.41656521,51.49209879,campus
7.41609251,51.49290474,campus
7.41566865,51.49405281,campus
7.4145223,51.4944169,campus
7.41301495,51.49422852,campus
7.41112287,51.4939705,campus
7.40889521,51.49367133,campus
7.40724588,51.49345935,campus
7.40519636,51.49318293,campus
7.40329797,51.49296969,campus
7.40206561,51.49297824,campus
7.40180218,51.49291965,campus
7.40171595,51.49178738,campus
7.40169186,51.49032138,campus
7.40182608,51.4894045,campus
7.4027745,51.48938406,campus
7.40388932,51.48938743,campus
7.40562122,51.48939785,campus
7.40675397,51.48955777,campus
7.40841679,51.48976385,campus
7.40996844,51.48997185,campus
7.41542603,51.49067468,campus
7.41687755,51.49058926,campus
7.41688524,51.49058787,campus
7.41688524,51.49058787,campus
7.41705332,51.49055603,campus
7.41706395,51.49119655,campus
7.41669336,51.49194897,campus
7.41614829,51.49261112,campus
7.41590443,51.49339372,campus
7.41530519,51.49452575,campus
7.414764,51.49449335,campus
7.41252433,51.49417726,campus
7.411189,51.49399874,campus
7.40847012,51.49362917,campus
7.40501033,51.49316532,campus
7.40179658,51.49290518,campus
7.40176519,51.49188878,campus
7.40171514,51.489726399999995,campus
7.40171646,51.48964458,campus
7.40171646,51.48964458,campus
7.40171646,51.48964458,campus
7.40171646,51.48964458,campus
7.40169989,51.48951499,campus
7.40205532,51.48938809,campus
7.40364276,51.48937454,campus
7.40575562,51.48940637,campus
7.40750962,51.48966168,campus
7.41005976,51.4899838,campus
7.41466391,51.49061776,campus
7.41647195,51.49066311,campus
7.41696354,51.49058965,campus
7.41696354,51.49058965,campus
7.41696354,51.49058965,campus
7.41696354,51.49058965,campus
7.41696354,51.49058965,campus
7.41714883,51.49094028,campus
7.41675581,51.49187723,campus
7.416072099999999,51.49289295,campus
7.41514785,51.49455705,campus
7.41359867,51.49430705,campus
7.41353901,51.49429517,campus
7.41292969,51.49421515,campus
7.41111893,51.4939836,campus
7.4100133,51.49383383,campus
7.40789784,51.49352839,campus
7.40634734,51.4933413,campus
7.40369087,51.49300559,campus
7.40232767,51.49299442,campus
7.40212139,51.49299711,campus
7.40170661,51.49260767,campus
7.40174857,51.49170707,campus
7.40175474,51.49091079,campus
7.4017811,51.48976258,campus
7.40178331,51.48960049,campus
7.40178949,51.48946411,campus
7.40273172,51.48934929,campus
7.40694402,51.48955723,campus
7.40859804,51.48982825,campus
7.41386154,51.4905011,campus
7.41585869,51.490691299999995,campus
7.41637719,51.49064353,campus
7.41637719,51.49064353,campus
7.41722463,51.49065819,campus
7.41685791,51.49171987,campus
7.41651792,51.49216624,campus
7.41607881,51.49312354,campus
7.41570767,51.49394908,campus
7.4155241,51.494363,campus
7.4155241,51.494363,campus
7.4155241,51.494363,campus
7.41532133,51.49455379,campus
7.41399368,51.49434362,campus
7.41211765,51.49410774,campus
7.41007488,51.49384237,campus
7.40774427,51.4935343,campus
7.40586387,51.49328663,campus
7.40362739,51.49301177,campus
7.40249723,51.49301069,campus
7.40178023,51.492915,campus
7.40177444,51.49242983,campus
7.40176488,51.49166235,campus
7.40174091,51.49038379,campus
7.40175672,51.48957273,campus
7.40255567,51.48937421,campus
7.40625731,51.48947228,campus
7.40802159,51.48973519,campus
7.41027678,51.49002641,campus
7.41322885,51.490456099999996,campus
7.41549507,51.49069494,campus
7.41689262,51.49059312,campus
7.41689773,51.49164228,campus
7.41644762,51.492235799999996,campus
7.41602215,51.4931803,campus
7.41555688,51.494332799999995,campus
7.41381814,51.49431184,campus
7.41212052,51.49408957,campus
7.41079288,51.49391457,campus
7.40886716,51.49367038,campus
7.40701479,51.49341952,campus
7.40519697,51.49319045,campus
7.40280907,51.49298416,campus
7.40208135,51.49299009,campus
7.40208135,51.49299009,campus
7.40208135,51.49299009,campus
7.40173642,51.4913942,campus
7.40170976,51.49024267,campus
7.40171601,51.48961979,campus
7.40171601,51.48961979,campus
7.40196995,51.48940778,campus
7.40391277,51.48939081,campus
7.40576422,51.48941513,campus
7.40747075,51.48965735,campus
7.40927815,51.48990431,campus
7.4109765,51.49012501,campus
7.41360511,51.4904753,campus
7.41585819,51.49069606,campus
7.41662678,51.49063427,campus
7.41662678,51.49063427,campus
7.41679556,51.49180015,campus
7.41599538,51.49299378,campus
7.4157078,51.4938614,campus
7.41485101,51.49448375,campus
7.41339539,51.49427506,campus
7.41337639,51.49427065,campus
7.41146212,51.49399892,campus
7.40936547,51.49373139,campus
7.40704934,51.49342354,campus
7.40496778,51.49315301,campus
7.40288172,51.49296529,campus
7.40177575,51.49281387,campus
7.40178246,51.49176602,campus
7.40171534,51.49047809,campus
7.40174462,51.48954935,campus
7.40204781,51.48936698,campus
7.40388335,51.48936455,campus
7.40826791,51.48975614,campus
7.48799197,51.44777378,highway
7.48799929,51.44685367,highway
7.49162522,51.44463335,highway
7.49162522,51.44463335,highway
7.49162522,51.44463335,highway
7.49175166,51.444552200000004,highway
7.49104259,51.44385425,highway
7.48989352,51.44286449,highway
7.48618605,51.4406692,highway
7.48510529,51.44015776,highway
7.48285307,51.4391672,highway
7.48120847,51.43861217,highway
7.47879601,51.43778227,highway
7.47665057,51.43714208,highway
7.47636688,51.43761192,highway
7.47808195,51.43843122,highway
7.48116296,51.43976899,highway
7.48358725,51.44131382,highway
7.48521907,51.44323354,highway
7.48652414,51.44470666,highway
7.48751771,51.44420429,highway
7.48479918,51.44371227,highway
7.48201936,51.44365709,highway
7.47879919,51.4434732,highway
7.47595449,51.44323211,highway
7.46964648,51.44241488,highway
7.46741994,51.44213078,highway
7.45007452,51.44187482,highway
7.44695649,51.44219604,highway
7.44304958,51.44278584,highway
7.43958078,51.44344997,highway
7.43257111,51.44535955,highway
7.42938331,51.44686892,highway
7.42678291,51.44867012,highway
7.42362362,51.45285978,highway
7.41906019,51.45994622,highway
7.41782948,51.46103008,highway
7.41535018,51.46280263,highway
7.4116365,51.46486166,highway
7.40249417,51.46965773,highway
7.39867087,51.47218766,highway
7.39580169,51.47442177,highway
7.39430455,51.47590276,highway
7.39323472,51.47730999,highway
7.39369309,51.47900497,highway
7.39342077,51.48002063,highway
7.39444994,51.48065924,highway
7.39677893,51.48151129,highway
7.39803188,51.48206046,highway
7.40076708,51.48431713,highway
7.40191627,51.48510005,highway
7.402721700000001,51.48577965,highway
7.40191188,51.48664796,highway
7.40174514,51.48917518,highway
7.40174708,51.48926284,highway
7.40174708,51.48926284,highway
7.40237885,51.48948306,highway
7.40390059,51.489441799999994,highway
7.4078864,51.48973426,highway
7.40979639,51.48999146,highway
7.41164544,51.49023733,highway
7.48835099,51.44887686,highway
7.48787841,51.44763153,highway
7.49127143,51.44477427,highway
7.49171214,51.44444084,highway
7.49101696,51.44382713,highway
7.49078054,51.44362841,highway
7.49005072,51.44303058,highway
7.48803517,51.44155358,highway
7.48735583,51.44123987,highway
7.48562954,51.44043958,highway
7.48162472,51.43879045,highway
7.47670307,51.43774905,highway
7.47720488,51.43797942,highway
7.47740318,51.43806729,highway
7.47891714,51.43870175,highway
7.48096851,51.43957415,highway
7.48299216,51.44081985,highway
7.48399924,51.44172198,highway
7.48579777,51.44414897,highway
7.48744447,51.44443033,highway
7.48644523,51.44378153,highway
7.47814617,51.44341335,highway
7.47106121,51.44263871,highway
7.46898667,51.44237437,highway
7.46601023,51.44201298,highway
7.45886563,51.44158255,highway
7.45728166,51.44154722,highway
7.45346424,51.44162344,highway
7.44510536,51.44244374,highway
7.44476832,51.44249513,highway
7.44113016,51.44311244,highway
7.43731435,51.44395134,highway
7.43345242,51.44504044,highway
7.42523798,51.45022559,highway
7.42067062,51.45815429,highway
7.42002598,51.45892022,highway
7.41927526,51.45970694,highway
7.41900609,51.4599699,highway
7.4178215,51.46102158,highway
7.41445558,51.46334417,highway
7.40994682,51.46566691,highway
7.40690954,51.46717097,highway
7.40272407,51.469553600000005,highway
7.39996306,51.47130711,highway
7.396882300000001,51.47353606,highway
7.39502942,51.47513011,highway
7.39303459,51.47769103,highway
7.39346224,51.4787831,highway
7.39344075,51.48004964,highway
7.39442129,51.48060958,highway
7.39673701,51.48148383,highway
7.39840608,51.48227076,highway
7.39848518,51.4823345,highway
7.39848518,51.4823345,highway
7.39848518,51.4823345,highway
7.39879978,51.48257782,highway
7.40031083,51.4839559,highway
7.40114067,51.48458271,highway
7.40272269,51.48571386,highway
7.40194314,51.48650379,highway
7.40164929,51.48742808,highway
7.40170873,51.48823537,highway
7.40174632,51.48908471,highway
7.40217307,51.48940199,highway
7.40399407,51.48941532,highway
7.40556087,51.48942454,highway
7.40725467,51.48964596,highway
7.40943804,51.48993333,highway
7.48836786,51.44877911,highway
7.48802246,51.44678609,highway
7.48907657,51.44574508,highway
7.490157400000001,51.44524157,highway
7.49136978,51.44472326,highway
7.49088863,51.44370463,highway
7.48986102,51.44284885,highway
7.48891201,51.44204695,highway
7.48541959,51.4403078,highway
7.48354948,51.439423,highway
7.48164504,51.43873043,highway
7.47973041,51.43808311,highway
7.47761272,51.43739232,highway
7.47623084,51.437555100000004,highway
7.47734585,51.43812995,highway
7.48043995,51.43939534,highway
7.48243435,51.44047177,highway
7.48452585,51.44231419,highway
7.48575433,51.44405911,highway
7.48725676,51.44458802,highway
7.4868455,51.44379488,highway
7.48102956,51.44361995,highway
7.47634007,51.44326088,highway
7.47419844,51.44301439,highway
7.46931725,51.44236465,highway
7.46514433,51.44187305,highway
7.46167817,51.44162404,highway
7.45513389,51.44153555,highway
7.45227968,51.44166682,highway
7.44751479,51.44209264,highway
7.44279926,51.4427934,highway
7.43831599,51.44370382,highway
7.43300444,51.44520471,highway
7.42951467,51.44677527,highway
7.42528793,51.45013694,highway
7.42344981,51.45311429,highway
7.4224852,51.45526756,highway
7.42007627,51.45883653,highway
7.418118700000001,51.46077667,highway
7.41445185,51.46338098,highway
7.41060999,51.46538432,highway
7.40753712,51.46683483,highway
7.40304501,51.46932312,highway
7.39657638,51.47376213,highway
7.39445646,51.47573069,highway
7.39301854,51.47801852,highway
7.39376208,51.47916666,highway
7.39340451,51.48016021,highway
7.3946693,51.48077079,highway
7.39741702,51.48179304,highway
7.39848929,51.48234934,highway
7.39854755,51.48239124,highway
7.39854755,51.48239124,highway
7.39913863,51.48287199,highway
7.40051056,51.48415996,highway
7.40177448,51.48501816,highway
7.40203436,51.48634246,highway
7.40189474,51.48654178,highway
7.40165797,51.48794193,highway
7.40172013,51.48920344,highway
7.40267926,51.48941717,highway
7.40428996,51.48941491,highway
7.40639039,51.48950942,highway
7.40833495,51.48977917,highway
7.48809763,51.44812077,highway
7.49073709,51.444968700000004,highway
7.49159454,51.44460518,highway
7.49159454,51.44460518,highway
7.49159454,51.44460518,highway
7.49162668,51.44458970000001,highway
7.49159461,51.44433516,highway
7.49030253,51.44322573,highway
7.48905665,51.44217745,highway
7.48713817,51.44110038,highway
7.48543621,51.44031654,highway
7.48347761,51.43942081,highway
7.48083112,51.43848703,highway
7.47854021,51.43771576,highway
7.47669606,51.43716198,highway
7.47614849,51.43747958,highway
7.47717514,51.43801704,highway
7.47954239,51.43897907,highway
7.48192138,51.44007803,highway
7.48393254,51.44157904,highway
7.48506524,51.4430139,highway
7.48608973,51.44451546,highway
7.48742343,51.44445913,highway
7.48357383,51.44368683,highway
7.47615293,51.44325708,highway
7.47226352,51.44276543,highway
7.46665885,51.44205575,highway
7.4631908,51.44173304,highway
7.45877568,51.44155636,highway
7.45473218,51.44157627,highway
7.4497086999999995,51.44188661,highway
7.4398165999999994,51.44337043,highway
7.43509519,51.44453292,highway
7.42795243,51.44777344,highway
7.42288019,51.45444867,highway
7.42288019,51.45444867,highway
7.42128803,51.45732168,highway
7.41951316,51.45947235,highway
7.41658842,51.46196217,highway
7.40837624,51.46643761,highway
7.40530352,51.46803725,highway
7.40112599,51.47055207,highway
7.39884058,51.47211891,highway
7.39594105,51.47432315,highway
7.39476126,51.47541544,highway
7.39303537,51.47780221,highway
7.39374853,51.47904888,highway
7.39353046,51.4802545,highway
7.39501625,51.48087262,highway
7.39716628,51.48166634,highway
7.39894882,51.48265271,highway
7.40014413,51.48381784,highway
7.400898599999999,51.48441264,highway
7.402243799999999,51.48530257,highway
7.40224318,51.48621152,highway
7.40188911,51.48666036,highway
7.40168451,51.48759168,highway
7.40172278,51.48860109,highway
7.40173609,51.48917594,highway
7.40173706,51.48919833,highway
7.40349272,51.48940405,highway
7.40700149,51.48959465,highway
7.41079733,51.49008672,highway
7.48807233,51.44810554,highway
7.487830000000001,51.4472787,highway
7.48813783,51.44654917,highway
7.49060358,51.44501841,highway
7.49154355,51.44460928,highway
7.49158314,51.44459792,highway
7.49158314,51.44459792,highway
7.49171632,51.44451438,highway
7.49087083,51.4437166,highway
7.48967765,51.44270484,highway
7.48823007,51.44163749,highway
7.48632993,51.44074356,highway
7.48467739,51.43997868,highway
7.48081705,51.43852518,highway
7.47883473,51.43784205,highway
7.47613324,51.43731502,highway
7.47648425,51.43770126,highway
7.47905164,51.43873954,highway
7.48134205,51.43974942,highway
7.48399903,51.44169931,highway
7.48533447,51.44340697,highway
7.48622761,51.44459616,highway
7.48717077,51.44385059,highway
7.48505066,51.44372413,highway
7.48065784,51.44360521,highway
7.47710157,51.44334512,highway
7.47432245,51.44304188,highway
7.46923795,51.44236547,highway
7.45767316,51.44155337,highway
7.45621252,51.44156205,highway
7.43607113,51.44425778,highway
7.43208365,51.44555071,highway
7.42762833,51.44797337,highway
7.42369461,51.45269533,highway
7.42324909,51.45363011,highway
7.42142836,51.45707923,highway
7.41919685,51.45977174,highway
7.41582609,51.46247376,highway
7.41027646,51.46547341,highway
7.40733776,51.46691498,highway
7.40364213,51.46894446,highway
7.40045691,51.47100828,highway
7.39693465,51.47350267,highway
7.39580842,51.4744047,highway
7.39303881,51.47820705,highway
7.39357193,51.47975876,highway
7.39378227,51.48035496,highway
7.39638329,51.481355,highway
7.397914999999999,51.48198708,highway
7.39878627,51.48254795,highway
7.39971781,51.48341953,highway
7.40277181,51.48561424,highway
7.40208911,51.48635643,highway
7.40166458,51.48739831,highway
7.40171828,51.48852808,highway
7.40177551,51.48932303,highway
7.40330297,51.48941386,highway
7.40517531,51.48937823,highway
7.40678333,51.48955271,highway
7.41070188,51.49005882,highway
7.48830959,51.44852371,highway
7.4878606,51.4473657,highway
7.48877364,51.44590418,highway
7.48984896,51.44533342,highway
7.49161563,51.44459902,highway
7.49161563,51.44459902,highway
7.49166811,51.44458203,highway
7.49171619,51.44455258,highway
7.49133007,51.44409003,highway
7.49024364,51.44316032,highway
7.48875866,51.44195068,highway
7.48718668,51.44111528,highway
7.483380099999999,51.43937929,highway
7.48108574,51.43857984,highway
7.4787587,51.43779289,highway
7.47660631,51.43717406,highway
7.47611619,51.43732229,highway
7.47772776,51.4382427,highway
7.47959848,51.43901235,highway
7.48253501,51.44053802,highway
7.48475552,51.44264204,highway
7.48569582,51.44399015,highway
7.48727293,51.44456745,highway
7.48660743,51.44373443,highway
7.484235000000001,51.44368475,highway
7.48153303,51.44364431,highway
7.47791623,51.44340339,highway
7.47353623,51.44293253,highway
7.46589931,51.44198871,highway
7.46445984,51.44183075,highway
7.46027101,51.44157461,highway
7.45550234,51.44153709,highway
7.45211282,51.44168005,highway
7.44728985,51.44214825,highway
7.43867641,51.44363073,highway
7.43385415,51.44490426,highway
7.42781488,51.44782095,highway
7.41312605,51.46409079,highway
7.40408956,51.46869816,highway
7.40378123,51.468871500000006,highway
7.40316994,51.46921932,highway
7.40054436,51.4709211,highway
7.39851253,51.47237362,highway
7.3958994,51.47430941,highway
7.39307679,51.47771101,highway
7.39371157,51.47957424,highway
7.39581782,51.48117552,highway
7.39765822,51.48188633,highway
7.40052682,51.48414668,highway
7.40140156,51.48476552,highway
7.40270154,51.48575486,highway
7.40187996,51.48662305,highway
7.4016561,51.48795654,highway
7.40171244,51.48898724,highway
7.4019851999999995,51.48940815,highway
7.40379918,51.48940352,highway
7.40562043,51.48940372,highway
7.40765496,51.48968107,highway
7.41007251,51.49000866,highway
7.48795141,51.44771733,highway
7.48791501,51.44759176,highway
7.49143999,51.44466881,highway
7.49175499,51.44443263,highway
7.49156616,51.44424735,highway
7.49061791,51.44345689,highway
7.48913213,51.44221154,highway
7.48751534,51.4412434,highway
7.48369333,51.43949732,highway
7.48116813,51.43858434,highway
7.478032499999999,51.43751879,highway
7.47730168,51.43728235,highway
7.47617528,51.43746673,highway
7.479781200000001,51.439088399999996,highway
7.48251765,51.4404584,highway
7.48458908,51.44239132,highway
7.48573218,51.44402443,highway
7.48733599,51.44459401,highway
7.48634704,51.44372529,highway
7.48343774,51.44368311,highway
7.4801465,51.44356072,highway
7.47587559,51.44320444,highway
7.47178669,51.44269696,highway
7.46673496,51.44203656,highway
7.46220289,51.44164179,highway
7.45759178,51.44150447,highway
7.44614679,51.44226494,highway
7.44173918,51.44298255,highway
7.43884144,51.44357465,highway
7.43455005,51.44466871,highway
7.42674321,51.44866262,highway
7.41943995,51.45956413,highway
7.41795027,51.46093079,highway
7.41491089,51.46308261,highway
7.41032995,51.46548209,highway
7.40604732,51.46761324,highway
7.40271409,51.46950571,highway
7.39982492,51.47144978,highway
7.39761549,51.47300716,highway
7.3950122,51.47514125,highway
7.39376646,51.47653616,highway
7.39313253,51.47828318,highway
7.39382422,51.47949003,highway
7.39584208,51.48116909,highway
7.3979900999999995,51.482033200000004,highway
7.39852092,51.48236164,highway
7.39852092,51.48236164,highway
7.39913765,51.48285464,highway
7.40012701,51.48383792,highway
7.401975900000001,51.48514465,highway
7.40184508,51.48669105,highway
7.40172669,51.48898248,highway
7.40173619,51.48910993,highway
7.40204579,51.48941131,highway
7.40427819,51.48939614,highway
7.40624926,51.489478399999996,highway
7.40844429,51.48979853,highway
7.41027654,51.49005076,highway
7.48841393,51.44900364,highway
7.48788424,51.44716463,highway
7.48850013,51.44614319,highway
7.49142261,51.444685799999995,highway
7.49153766,51.44464163,highway
7.49162276,51.44461502,highway
7.49162276,51.44461502,highway
7.49160428,51.44431699,highway
7.49034485,51.44323036,highway
7.48934598,51.44237468,highway
7.48784858,51.44138903,highway
7.48595235,51.44052148,highway
7.48411579,51.43965043,highway
7.48259343,51.43906219,highway
7.47984884,51.43814045,highway
7.47814186,51.43757963,highway
7.47628373,51.437564200000004,highway
7.47654028,51.43770623,highway
7.47902796,51.43879853,highway
7.48187171,51.44007703,highway
7.48427049,51.44202041,highway
7.4851088,51.4431098,highway
7.48642323,51.44472404,highway
7.48718397,51.44384743,highway
7.4845393,51.44370743,highway
7.48076636,51.44361802,highway
7.47793417,51.44339924,highway
7.47375611,51.44294895,highway
7.4667056,51.44203594,highway
7.45955142,51.44155538,highway
7.44825667,51.44203321,highway
7.44361652,51.44267168,highway
7.43924965,51.44347184,highway
7.42954176,51.44672861,highway
7.42590944,51.44942057,highway
7.42316953,51.45364015,highway
7.4225418,51.45500932,highway
7.42034358,51.45848985,highway
7.418839599999999,51.46008991,highway
7.41491062,51.46306352,highway
7.41138217,51.46497066,highway
7.4069267000000005,51.46716919,highway
7.40193134,51.46998656,highway
7.40054918,51.47084463,highway
7.39681012,51.47355139,highway
7.39496124,51.47514974,highway
7.39322671,51.47724257,highway
7.39339274,51.47866327,highway
7.39343744,51.47995351,highway
7.39470718,51.4807575,highway
7.39700157,51.48159178,highway
7.39847905,51.48235264,highway
7.39847905,51.48235264,highway
7.39853503,51.48239586,highway
7.39927181,51.48304896,highway
7.40012366,51.48385068,highway
7.40205456,51.4852294,highway
7.40184638,51.48662029,highway
7.40165093,51.48730987,highway
7.40170144,51.48836489,highway
7.40182702,51.48937155,highway
7.40343614,51.48941668,highway
7.40513467,51.48940414,highway
7.40708915,51.48960124,highway
7.41012404,51.49002185,highway
7.48837348,51.44888605,highway
7.48797146,51.44784127,highway
7.48884377,51.44584816,highway
7.49062065,51.4450117,highway
7.49158006,51.44460388,highway
7.49158006,51.44460388,highway
7.49159301,51.44460149,highway
7.4915735,51.44460019,highway
7.49166158,51.44438621,highway
7.49062547,51.44345315,highway
7.48942039,51.44244498,highway
7.48789486,51.44143551,highway
7.48581148,51.4404655,highway
7.48408313,51.43966222,highway
7.48218296,51.43895823,highway
7.47908166,51.43791231,highway
7.47706722,51.43726943,highway
7.47618882,51.4372722,highway
7.4794982999999995,51.43897231,highway
7.48202029,51.44016369,highway
7.48453233,51.44227697,highway
7.48576556,51.44400893,highway
7.48741547,51.44448455,highway
7.48646198,51.443732399999995,highway
7.48344566,51.44368545,highway
7.47978151,51.44354747,highway
7.47387791,51.44301053,highway
7.47020485,51.44252609,highway
7.46469618,51.44186742,highway
7.46068514,51.44161332,highway
7.44985148,51.44188791,highway
7.44490498,51.44248656,highway
7.4399246,51.44339109,highway
7.43493852,51.44461663,highway
7.43064244,51.44621244,highway
7.42687892,51.44860078,highway
7.42392551,51.45223866,highway
7.42261901,51.45497295,highway
7.42000947,51.45894453,highway
7.41848193,51.46047133,highway
7.41574269,51.46256776,highway
7.4113885999999995,51.46498441,highway
7.40820518,51.46654214,highway
7.40505086,51.4681653,highway
7.39832341,51.47248155,highway
7.39512477,51.47505347,highway
7.39335202,51.47710485,highway
7.39336866,51.478562100000005,highway
7.393468700000001,51.48001681,highway
7.3951616,51.48091804,highway
7.39721977,51.48168744,highway
7.3981508,51.48212698,highway
7.39854762,51.48239151,highway
7.39938632,51.48312512,highway
7.40095496,51.48446863,highway
7.40237106,51.48538887,highway
7.40256738,51.48590946,highway
7.40170695,51.48811659,highway
7.40175891,51.48904067,highway
7.40176002,51.48917696,highway
7.40175425,51.48929607,highway
7.4028556,51.48941129,highway
7.40492024,51.4893871,highway
7.40677338,51.48953595,highway
7.4081022,51.48973223,highway
7.41075208,51.4900909,highway
7.48814412,51.44824232,highway
7.48802929,51.44801565,highway
7.48833297,51.44629841,highway
7.48958014,51.44547626,highway
7.49134548,51.44470978,highway
7.49158966,51.44460829,highway
7.49157716,51.44436074,highway
7.49068874,51.44354574,highway
7.48942498,51.44248388,highway
7.48787125,51.44143919,highway
7.48583181,51.44050591,highway
7.48240089,51.43904748,highway
7.47961108,51.438112100000005,highway
7.47653053,51.43720474,highway
7.47617434,51.43732416,highway
7.47745674,51.43813197,highway
7.48185232,51.44009288,highway
7.48446331,51.44225696,highway
7.48532283,51.44339283,highway
7.48661634,51.44472343,highway
7.48732609,51.44393214,highway
7.48516476,51.4437133,highway
7.48222741,51.44368143,highway
7.47835726,51.44344976,highway
7.47371833,51.44295632,highway
7.46974425,51.44243632,highway
7.46530808,51.44190195,highway
7.46272085,51.44170014,highway
7.45643434,51.44154565,highway
7.44939585,51.44190999,highway
7.44454116,51.44252024,highway
7.43907008,51.44354436,highway
7.43556294,51.44438478,highway
7.42971842,51.44660679,highway
7.42600774,51.44936319,highway
7.42336973,51.45331856,highway
7.412677,51.463975700000006,highway
7.418132300000001,51.46076589,highway
7.41530073,51.46283547,highway
7.41142076,51.46495761,highway
7.40845069,51.46639917,highway
7.40202495,51.46999219,highway
7.39856286,51.47227704,highway
7.39704115,51.47339996,highway
7.39420223,51.4759994,highway
7.3930628,51.47767291,highway
7.39371679,51.479035499999995,highway
7.39352497,51.48023174,highway
7.39517298,51.4809385,highway
7.39754116,51.48182654,highway
7.39840844,51.48226448,highway
7.39860178,51.48239932,highway
7.39931817,51.48304302,highway
7.40046073,51.48407106,highway
7.402370299999999,51.48538093,highway
7.40267583,51.48582567,highway
7.40197853,51.48654255,highway
7.4016967000000005,51.48796901,highway
7.40175561,51.48899206,highway
7.4026542,51.48941663,highway
7.40512834,51.48939279,highway
7.40688594,51.48956739,highway
7.40905389,51.48988145,highway
7.41057954,51.49008083,highway
7.41405726,51.49062464,suburban
7.41598491,51.49076235,suburban
7.4169326,51.49062535,suburban
7.4169326,51.49062535,suburban
7.41691275,51.49061343,suburban
7.41735481,51.49007919,suburban
7.41772049,51.4890573,suburban
7.41795848,51.48731098,suburban
7.41873629,51.48642247,suburban
7.41858145,51.48557648,suburban
7.41899609,51.48478604,suburban
7.41808157,51.48360535,suburban
7.41671743,51.48172354,suburban
7.41670975,51.48170768,suburban
7.41670975,51.48170768,suburban
7.41670975,51.48170768,suburban
7.41768495,51.48153018,suburban
7.419089200000001,51.48161949,suburban
7.42160453,51.48181438,suburban
7.42433557,51.48218425,suburban
7.42585984,51.48241281,suburban
7.42831302,51.482636799999995,suburban
7.42831302,51.482636799999995,suburban
7.42831302,51.482636799999995,suburban
7.42831302,51.482636799999995,suburban
7.42847667,51.48262836,suburban
7.43038531,51.48249175,suburban
7.43124944,51.48240804,suburban
7.43230844,51.48230628,suburban
7.43526984,51.48208113,suburban
7.4355171,51.48209579,suburban
7.43646002,51.48202084,suburban
7.43765741,51.48191986,suburban
7.43824864,51.48187616,suburban
7.43824864,51.48187616,suburban
7.43863841,51.4818734,suburban
7.43947265,51.48181435,suburban
7.44102106,51.48169878,suburban
7.44255294,51.4810574,suburban
7.44361649,51.47974703,suburban
7.44553237,51.47756794,suburban
7.44663373,51.4762994,suburban
7.44685857,51.47602923,suburban
7.44685857,51.47602923,suburban
7.44767558,51.47516388,suburban
7.44800264,51.47488651,suburban
7.44877402,51.4742972,suburban
7.449534,51.47377497,suburban
7.45070794,51.47321667,suburban
7.45282875,51.47267523,suburban
7.45460547,51.47239453,suburban
7.45672465,51.47188514,suburban
7.45791453,51.47150751,suburban
7.45901239,51.47117146,suburban
7.45913233,51.47113261,suburban
7.45913233,51.47113261,suburban
7.45913233,51.47113261,suburban
7.45913233,51.47113261,suburban
7.45953663,51.47101162,suburban
7.46464872,51.46960723,suburban
7.46602532,51.46943857,suburban
7.46992529,51.46974252,suburban
7.47192402,51.46987391,suburban
7.4774285,51.46959187,suburban
7.4774285,51.46959187,suburban
7.47844965,51.46978991,suburban
7.47844965,51.46978991,suburban
7.47844965,51.46978991,suburban
7.47889134,51.46987518,suburban
7.47985406,51.47005514,suburban
7.48200307,51.46957178,suburban
7.48243537,51.46847048,suburban
7.48277511,51.46687048,suburban
7.48212304,51.46562435,suburban
7.48118852,51.46423314,suburban
7.48078347,51.46329316,suburban
7.48044985,51.46253195,suburban
7.48031906,51.46216196,suburban
7.48031906,51.46216196,suburban
7.48038833,51.46205647,suburban
7.48212144,51.46202966,suburban
7.48401623,51.46201054,suburban
7.48445696,51.46150204,suburban
7.48442311,51.45973835,suburban
7.4840299,51.45858428,suburban
7.48364081,51.45737953,suburban
7.48338366,51.45654222,suburban
7.4835828,51.45456979,suburban
7.4848579,51.453456700000004,suburban
7.48658473,51.45248441,suburban
7.41484646,51.49066248,suburban
7.41694542,51.490594,suburban
7.41694542,51.490594,suburban
7.41694542,51.490594,suburban
7.41750352,51.48974502,suburban
7.41778078,51.48867733,suburban
7.41867623,51.48621763,suburban
7.41898089,51.4846689,suburban
7.41772717,51.48327089,suburban
7.41679234,51.48184763,suburban
7.41676514,51.48180215,suburban
7.41676514,51.48180215,suburban
7.41676514,51.48180215,suburban
7.41672274,51.48148967,suburban
7.41782726,51.48153772,suburban
7.42037726,51.481658,suburban
7.42250112,51.48189144,suburban
7.42537914,51.48231656,suburban
7.42707669,51.48255723,suburban
7.429098799999999,51.48259399,suburban
7.43063715,51.48244636,suburban
7.43126449,51.48237542,suburban
7.43126449,51.48237542,suburban
7.43126449,51.48237542,suburban
7.43174688,51.48232579,suburban
7.43551876,51.48204571,suburban
7.43756955,51.48190312,suburban
7.43814619,51.48186036,suburban
7.43856594,51.48181671,suburban
7.43977614,51.48175385,suburban
7.44122337,51.48166196,suburban
7.44269273,51.48091844,suburban
7.44525808,51.47783585,suburban
7.44660766,51.47627839,suburban
7.44821113,51.47466502,suburban
7.44851054,51.47444113,suburban
7.44851054,51.47444113,suburban
7.44851054,51.47444113,suburban
7.44851054,51.47444113,suburban
7.44851054,51.47444113,suburban
7.44851054,51.47444113,suburban
7.44944799,51.47378477,suburban
7.4508992,51.47308354,suburban
7.45263048,51.4726571,suburban
7.4546211,51.47235964,suburban
7.45637807,51.47195451,suburban
7.45814348,51.47139287,suburban
7.45904708,51.47113255,suburban
7.45904708,51.47113255,suburban
7.45904708,51.47113255,suburban
7.45904708,51.47113255,suburban
7.46037333,51.47075164,suburban
7.46125919,51.47051277,suburban
7.463204400000001,51.46995312,suburban
7.46502516,51.46953924,suburban
7.46726847,51.46944601,suburban
7.46976984,51.46971049,suburban
7.47209981,51.46983702,suburban
7.47673564,51.46954262,suburban
7.47673564,51.46954262,suburban
7.48166339,51.47019753,suburban
7.48213064,51.46915681,suburban
7.48243424,51.46836585,suburban
7.48277263,51.46722602,suburban
7.48233757,51.46593567,suburban
7.48104562,51.46388537,suburban
7.48056093,51.46288251,suburban
7.48024902,51.46217478,suburban
7.48092672,51.46202412,suburban
7.4826962,51.462006,suburban
7.48391168,51.46187214,suburban
7.48441288,51.4613435,suburban
7.48451531,51.46023887,suburban
7.48411967,51.4588327,suburban
7.48375976,51.45782328,suburban
7.48336841,51.45646359,suburban
7.48337031,51.45511653,suburban
7.48424146,51.4538643,suburban
7.48543035,51.45311385,suburban
7.48720119,51.45183505,suburban
7.41420132,51.49066522,suburban
7.41591427,51.49078999,suburban
7.41678275,51.49067841,suburban
7.416857,51.49066062,suburban
7.416857,51.49066062,suburban
7.41772678,51.48826689,suburban
7.41864903,51.48672742,suburban
7.41850797,51.48592611,suburban
7.418825999999999,51.48437883,suburban
7.41778991,51.48334338,suburban
7.41704624,51.48235531,suburban
7.41680548,51.48190167,suburban
7.41665729,51.48164389,suburban
7.41968574,51.48162372,suburban
7.42242595,51.48188719,suburban
7.42474679,51.48222708,suburban
7.42706224,51.48255545,suburban
7.42827284,51.4826475,suburban
7.42923934,51.48259456,suburban
7.43074542,51.48245686,suburban
7.43212172,51.48231351,suburban
7.43212172,51.48231351,suburban
7.43214602,51.48229762,suburban
7.43529748,51.48208402,suburban
7.43669672,51.48197452,suburban
7.43769551,51.48190285,suburban
7.43890604,51.4818218,suburban
7.44049316,51.48172327,suburban
7.44193946,51.4814093,suburban
7.44321156,51.4802373,suburban
7.44407188,51.47922095,suburban
7.44522918,51.47787329,suburban
7.44584658,51.47716109,suburban
7.44653347,51.47637227,suburban
7.44730059,51.475501200000004,suburban
7.44797628,51.47485883,suburban
7.44797628,51.47485883,suburban
7.44797628,51.47485883,suburban
7.44797628,51.47485883,suburban
7.44797628,51.47485883,suburban
7.44817705,51.47471601,suburban
7.44874053,51.47430791,suburban
7.44948092,51.47382091,suburban
7.45084027,51.47314524,suburban
7.45263017,51.47267134,suburban
7.45460054,51.47237433,suburban
7.45615037,51.47203914,suburban
7.45809339,51.47144484,suburban
7.46079071,51.4706549,suburban
7.46191819,51.47033441,suburban
7.46397103,51.46974544,suburban
7.46634161,51.46941706,suburban
7.46858379,51.4695581,suburban
7.47158916,51.46982569,suburban
7.47377785,51.46969377,suburban
7.47823943,51.46965304,suburban
7.47880213,51.46976127,suburban
7.47930959,51.46987023,suburban
7.48057743,51.47013886,suburban
7.48169998,51.47014072,suburban
7.48230495,51.46865333,suburban
7.4827349000000005,51.46759042,suburban
7.48271542,51.46667826,suburban
7.48104021,51.46397388,suburban
7.48042429,51.46261989999999,suburban
7.48028972,51.46231692,suburban
7.48028972,51.46231692,suburban
7.48020569,51.46211806,suburban
7.4802046,51.46211156,suburban
7.48083787,51.46204018,suburban
7.48293523,51.46202291,suburban
7.48441255,51.46165952,suburban
7.4845975000000005,51.46016487,suburban
7.4841509,51.45886007,suburban
7.484074900000001,51.45865485,suburban
7.48358009,51.45717755,suburban
7.48327,51.4554521,suburban
7.48407762,51.45395378,suburban
7.48512805,51.45334154,suburban
7.48671475,51.45240602,suburban
7.48763585,51.45127248,suburban
7.41420756,51.49055935,suburban
7.41640819,51.49066497,suburban
7.41694684,51.49058655,suburban
7.41694684,51.49058655,suburban
7.41694684,51.49058655,suburban
7.41694831,51.49057515,suburban
7.41688593,51.49056042,suburban
7.41725637,51.49023067,suburban
7.41759176,51.48941254,suburban
7.41782373,51.48745992,suburban
7.41867303,51.48669326,suburban
7.41849775,51.48580416,suburban
7.41665375,51.4816852,suburban
7.41665375,51.4816852,suburban
7.41665375,51.4816852,suburban
7.41662437,51.48168663,suburban
7.41659316,51.48172983,suburban
7.41654316,51.48160155,suburban
7.41789222,51.48154699,suburban
7.42097367,51.48169799,suburban
7.42288952,51.48195241,suburban
7.42591284,51.48238406,suburban
7.42732002,51.48258413,suburban
7.42852338,51.48260068,suburban
7.43101459,51.48240837,suburban
7.43126338,51.48238442,suburban
7.43126338,51.48238442,suburban
7.43126338,51.48238442,suburban
7.43126338,51.48238442,suburban
7.43162931,51.48235376,suburban
7.4322234,51.48229505,suburban
7.43382493,51.48217324,suburban
7.43568272,51.48204264,suburban
7.43742429,51.48191367,suburban
7.43829769,51.48185118,suburban
7.43874027,51.4818439,suburban
7.44012183,51.48174846,suburban
7.44209931,51.48133286,suburban
7.44305195,51.48072589,suburban
7.44382187,51.4794661,suburban
7.44492342,51.47819365,suburban
7.44538749,51.47768305,suburban
7.44538749,51.47768305,suburban
7.44580175,51.47720963,suburban
7.44690278,51.47590487,suburban
7.44877348,51.47425557,suburban
7.44962705,51.47369609,suburban
7.4508116,51.47313805,suburban
7.45297124,51.47260615,suburban
7.45506419,51.47226026,suburban
7.456892,51.47179636,suburban
7.4583535,51.47133636,suburban
7.45900942,51.47114803,suburban
7.45900942,51.47114803,suburban
7.45921768,51.47108648,suburban
7.45978005,51.47090942,suburban
7.46125977,51.47051403,suburban
7.46354361,51.46986935,suburban
7.46535984,51.46950746,suburban
7.46629736,51.46943283,suburban
7.46875054,51.46955277,suburban
7.4719868,51.46980919,suburban
7.47419834,51.46969223,suburban
7.4768561,51.46955818,suburban
7.47821269,51.46967691,suburban
7.47896683,51.46981423,suburban
7.47896683,51.46981423,suburban
7.47896683,51.46981423,suburban
7.47960354,51.46992962,suburban
7.48159019,51.47025551,suburban
7.48213021,51.46913711,suburban
7.48220286,51.46898089,suburban
7.48228792,51.46868828,suburban
7.48276814,51.46726845,suburban
7.48236006,51.46606595,suburban
7.48157848,51.46504798,suburban
7.48035782,51.46253895,suburban
7.48027847,51.46235991,suburban
7.48027847,51.46235991,suburban
7.48020261,51.46222193,suburban
7.48019353,51.46220407,suburban
7.48115265,51.46205321,suburban
7.48267084,51.46204011,suburban
7.48382353,51.46204408,suburban
7.48442853,51.4612318,suburban
7.48441973,51.46001956,suburban
7.48386381,51.45826365,suburban
7.48340953,51.45681792,suburban
7.48321299,51.45595172,suburban
7.48391524,51.45410843,suburban
7.48533529,51.45319469,suburban
7.48730738,51.451742700000004,suburban
7.41411439,51.49055756,suburban
7.416023299999999,51.49070134,suburban
7.41663856,51.4906283,suburban
7.41711508,51.49054976,suburban
7.41765585,51.48931233,suburban
7.41770472,51.48793011,suburban
7.41842209,51.4869977,suburban
7.41854363,51.48581595,suburban
7.41892159,51.48452436,suburban
7.41834193,51.48384796,suburban
7.41739495,51.48294211,suburban
7.41669523,51.48175185,suburban
7.4166412,51.48165201,suburban
7.4166412,51.48165201,suburban
7.41663752,51.48164818,suburban
7.41660246,51.48164098,suburban
7.41657968,51.4816873,suburban
7.41659679,51.48161127,suburban
7.41662604,51.48162714,suburban
7.41662734,51.48162229,suburban
7.41662674,51.48163237,suburban
7.41662512,51.48164184,suburban
7.41666247,51.4816205,suburban
7.41777648,51.48151922,suburban
7.41981448,51.48162294,suburban
7.42200353,51.48182255,suburban
7.42674544,51.48251102,suburban
7.42870907,51.48260307,suburban
7.43037453,51.48246844,suburban
7.43257552,51.48227139,suburban
7.43375821,51.48218253,suburban
7.43457517,51.48211873,suburban
7.43545269,51.48205132,suburban
7.43660684,51.48197155,suburban
7.43820546,51.48185585,suburban
7.43999982,51.48174439,suburban
7.44147585,51.48157871,suburban
7.44263386,51.48092988,suburban
7.44389638,51.47940698,suburban
7.4451447,51.47798468,suburban
7.44514883,51.47798087,suburban
7.44533094,51.4777734,suburban
7.4457523000000005,51.4772898,suburban
7.446484299999999,51.47644337,suburban
7.44717913,51.47563033,suburban
7.44801202,51.47484751,suburban
7.44801202,51.47484751,suburban
7.44801202,51.47484751,suburban
7.44801202,51.47484751,suburban
7.44801202,51.47484751,suburban
7.4485158,51.47447085,suburban
7.44926903,51.47391818,suburban
7.45029376,51.47337796,suburban
7.45197259,51.47281842,suburban
7.45401834,51.47248125,suburban
7.45601265,51.47206523,suburban
7.45795554,51.4714865,suburban
7.45902856,51.47114707,suburban
7.46065802,51.47066798,suburban
7.46153317,51.47042881,suburban
7.46328055,51.4699177,suburban
7.466187400000001,51.46941049,suburban
7.46823186,51.4695123,suburban
7.46989498,51.46972442,suburban
7.47263772,51.46981365,suburban
7.47661778,51.46950009,suburban
7.47792876,51.46962013,suburban
7.4785113,51.46971662,suburban
7.47862501,51.46974572,suburban
7.47882299,51.46977364,suburban
7.47980005,51.46995595,suburban
7.48130875,51.47028545,suburban
7.48198575,51.46958431,suburban
7.48257157,51.46810629,suburban
7.48272967,51.46752638,suburban
7.48252549,51.46634229,suburban
7.48159199,51.4651099,suburban
7.4809269,51.46373553,suburban
7.48041868,51.46261047,suburban
7.48317844,51.46201441,suburban
7.48457207,51.46057005,suburban
7.48406915,51.45879993,suburban
7.48365272,51.45767428,suburban
7.48325685,51.45600834,suburban
7.48333347,51.45514591,suburban
7.48462638,51.45357802,suburban
7.48639307,51.4525609,suburban
7.41471705,51.49063247,suburban
7.41584381,51.49070765,suburban
7.41684939,51.49058403,suburban
7.41684939,51.49058403,suburban
7.41715053,51.49043451,suburban
7.41772248,51.48899705,suburban
7.41769845,51.4877995,suburban
7.41865175,51.48625169,suburban
7.41864302,51.48546047,suburban
7.4188553,51.48442285,suburban
7.41797871,51.48353808,suburban
7.41673637,51.48184398,suburban
7.41661425,51.48164868,suburban
7.41661425,51.48164868,suburban
7.41668449,51.48146882,suburban
7.41918942,51.48160227,suburban
7.42100413,51.48169627,suburban
7.42673544,51.48248515,suburban
7.42804826,51.48260976,suburban
7.43043526,51.48245037,suburban
7.4308087,51.48242088,suburban
7.432818400000001,51.48224272,suburban
7.43456434,51.48211075,suburban
7.43754254,51.48190374,suburban
7.43911718,51.48178416,suburban
7.4400416,51.48173347,suburban
7.44064006,51.48170907,suburban
7.44084966,51.48169733,suburban
7.44155229,51.48155832,suburban
7.44201236,51.48134783,suburban
7.44317608,51.48023013,suburban
7.44373467,51.47957534,suburban
7.44538694,51.47767046,suburban
7.44621156,51.47672326,suburban
7.44655375,51.47631409,suburban
7.44684775,51.47597689,suburban
7.44684775,51.47597689,suburban
7.44741243,51.47536177,suburban
7.448854700000001,51.47418823,suburban
7.449799499999999,51.47357169,suburban
7.45129601,51.47296007,suburban
7.45316258,51.47257813,suburban
7.4554024000000005,51.47220129,suburban
7.45708342,51.47172522,suburban
7.45873306,51.47120505,suburban
7.4588837,51.471170799999996,suburban
7.45912887,51.47108118,suburban
7.46079137,51.47063165,suburban
7.46265805,51.47008039,suburban
7.46544747,51.46945328,suburban
7.46931135,51.46964416,suburban
7.47035946,51.46976948,suburban
7.47417457,51.46966109,suburban
7.47533642,51.46956199,suburban
7.47843131,51.469697700000005,suburban
7.47843131,51.469697700000005,suburban
7.47872157,51.46973639,suburban
7.479176600000001,51.46981947,suburban
7.48130924,51.47028013,suburban
7.48176032,51.47006043,suburban
7.48222636,51.46888951,suburban
7.48266487,51.46784279999999,suburban
7.48276543,51.46722213,suburban
7.48251202,51.466265899999996,suburban
7.48152403,51.46482578,suburban
7.48096258,51.46375044,suburban
7.48059061,51.46298144,suburban
7.48035945,51.462475500000004,suburban
7.48031877,51.4623808,suburban
7.48030446,51.46236476,suburban
7.48030446,51.46236476,suburban
7.48030446,51.46236476,suburban
7.48026442,51.46232833,suburban
7.48019843,51.46219177,suburban
7.480169999999999,51.46213833,suburban
7.48103276,51.46203268,suburban
7.48277319,51.46202245,suburban
7.48383539,51.462036499999996,suburban
7.48455281,51.46082576,suburban
7.48439991,51.45963805,suburban
7.48396086,51.45832225,suburban
7.48358721,51.457266499999996,suburban
7.483280099999999,51.45527578,suburban
7.48547765,51.45317572,suburban
7.48694714,51.45218016,suburban
7.41470843,51.49066154,suburban
7.41653518,51.49063467,suburban
7.41707792,51.49055701,suburban
7.4176595999999995,51.48931586,suburban
7.41791078,51.48736496,suburban
7.4184869,51.48693642,suburban
7.41874522,51.48527498,suburban
7.41867584,51.48423502,suburban
7.41821861,51.48378274,suburban
7.4172428,51.48271734,suburban
7.41669584,51.48176515,suburban
7.41669584,51.48176515,suburban
7.41669584,51.48176515,suburban
7.41669038,51.48176433,suburban
7.41666923,51.48171458,suburban
7.41708186,51.48145038,suburban
7.41947658,51.48160816,suburban
7.42149499,51.48176153,suburban
7.42331297,51.48203754,suburban
7.4251943,51.4822979,suburban
7.42744807,51.48261316,suburban
7.42892617,51.48261212,suburban
7.43071648,51.48245588,suburban
7.43126924,51.48237862,suburban
7.43126924,51.48237862,suburban
7.43126924,51.48237862,suburban
7.43198038,51.48229406,suburban
7.43245383,51.48224397,suburban
7.43397668,51.48214121,suburban
7.43520157,51.48205722,suburban
7.4365684000000005,51.48196972,suburban
7.43773881,51.48187763,suburban
7.43905055,51.48174619,suburban
7.44053896,51.48170212,suburban
7.441764500000001,51.48146398,suburban
7.44309021,51.48062309,suburban
7.44423229,51.4790031,suburban
7.44530364,51.47779274,suburban
7.44599058,51.47701325,suburban
7.44665875,51.47621384,suburban
7.44702362,51.47578712,suburban
7.44725852,51.47552165,suburban
7.44754798,51.47523162,suburban
7.44837318,51.47454935,suburban
7.44938621,51.4738136,suburban
7.45014948,51.47342961,suburban
7.45014948,51.47342961,suburban
7.45014948,51.47342961,suburban
7.45014948,51.47342961,suburban
7.45086482,51.47315037,suburban
7.45258837,51.47268199,suburban
7.45493594,51.47231398,suburban
7.45666308,51.47189951,suburban
7.45862038,51.4712854,suburban
7.45864287,51.47127508,suburban
7.45886231,51.47121073,suburban
7.46047415,51.47075967,suburban
7.46144169,51.47048965,suburban
7.46373327,51.46980681,suburban
7.46772665,51.46946301,suburban
7.47061709,51.46979704,suburban
7.47175896,51.46983,suburban
7.47310917,51.46974324,suburban
7.47355855,51.46968698,suburban
7.47403622,51.46965407,suburban
7.47484514,51.46962174,suburban
7.47542881,51.46955993,suburban
7.47657658,51.469575,suburban
7.47704012,51.46963347,suburban
7.47775553,51.46971547,suburban
7.47875444,51.46983653,suburban
7.47890215,51.46985262,suburban
7.47890215,51.46985262,suburban
7.47890215,51.46985262,suburban
7.479408099999999,51.46994095,suburban
7.48103668,51.47025652,suburban
7.48207105,51.46929287,suburban
7.48236898,51.46856891,suburban
7.48274535,51.46695283,suburban
7.48212365,51.46563025,suburban
7.48145244,51.46474329,suburban
7.48084931,51.46353153,suburban
7.48041584,51.46261339,suburban
7.48034935,51.46247276,suburban
7.48026577,51.46223411,suburban
7.48097751,51.46203039,suburban
7.48226156,51.46202271,suburban
7.48408154,51.4619843,suburban
7.48435668,51.46162789,suburban
7.48454652,51.46080221,suburban
7.48446825,51.46002154,suburban
7.48429547,51.45941013,suburban
7.48397761,51.45850643,suburban
7.48370086,51.45771123,suburban
7.48324212,51.455887700000005,suburban
7.48334112,51.45506647,suburban
7.48470181,51.45356317,suburban
7.48628887,51.45266326,suburban
7.48755009,51.45137158,suburban
7.48808525,51.45044253,suburban
7.41441277,51.49053397,suburban
7.41657062,51.49063297,suburban
7.41691021,51.49057311,suburban
7.41691021,51.49057311,suburban
7.41691021,51.49057311,suburban
7.41690712,51.49053595,suburban
7.4172795,51.49018316,suburban
7.41761458,51.48940356,suburban
7.41773453,51.48768629,suburban
7.41869133,51.4866348,suburban
7.4187924,51.48431851,suburban
7.41733157,51.48284096,suburban
7.41697281,51.48225613,suburban
7.41664692,51.48165129,suburban
7.41677391,51.481412299999995,suburban
7.4185525,51.48152514,suburban
7.42057897,51.48163944,suburban
7.42343155,51.48197564,suburban
7.425274099999999,51.4822352,suburban
7.42730444,51.48248686,suburban
7.4283076,51.4825455,suburban
7.42969616,51.48247183,suburban
7.43088287,51.48237557,suburban
7.43305547,51.48218388,suburban
7.43526739,51.48202814,suburban
7.43622977,51.48197267,suburban
7.43784063,51.48186412,suburban
7.43857858,51.48179177,suburban
7.43944699,51.48173171,suburban
7.44044637,51.48167954,suburban
7.44094268,51.48164835,suburban
7.44094268,51.48164835,suburban
7.44164751,51.48151571,suburban
7.44264163,51.48096032,suburban
7.44329749,51.48008868,suburban
7.44431472,51.47888736,suburban
7.44538711,51.47765694,suburban
7.44609802,51.47684579,suburban
7.44675862,51.47606627,suburban
7.44784276,51.4749592,suburban
7.44839632,51.47452593,suburban
7.44839632,51.47452593,suburban
7.44839632,51.47452593,suburban
7.44839632,51.47452593,suburban
7.44871169,51.47428141,suburban
7.44998339,51.47348382,suburban
7.45137455,51.47293114,suburban
7.45603677,51.47203917,suburban
7.45847432,51.47130538,suburban
7.45930903,51.471042700000005,suburban
7.45930903,51.471042700000005,suburban
7.45983564,51.47089874,suburban
7.46143512,51.47046147,suburban
7.4629223,51.47002254,suburban
7.46571438,51.46944067,suburban
7.46775849,51.46945689,suburban
7.47191966,51.46978801,suburban
7.47387226,51.46967707,suburban
7.47745606,51.46956089,suburban
7.47805752,51.46961888,suburban
7.47868088,51.46971447,suburban
7.47964106,51.469870799999995,suburban
7.48161879,51.47022939,suburban
7.48225798,51.468812299999996,suburban
7.48259119,51.46803461,suburban
7.48275983,51.46699548,suburban
7.48231628,51.46600572,suburban
7.48114281,51.464187700000004,suburban
7.48068868,51.4632381,suburban
7.48029753,51.46232405,suburban
7.48025483,51.46222173,suburban
7.48071471,51.46199527,suburban
7.4826447,51.46198028,suburban
7.48379723,51.46196115,suburban
7.48448159,51.4612383,suburban
7.48451242,51.46000584,suburban
7.48422154,51.4591811,suburban
7.48371742,51.45771203,suburban
7.48356908,51.45726348,suburban
7.48330962,51.45514272,suburban
7.48372298,51.45431733,suburban
7.48525735,51.45320733,suburban
7.41418703,51.49052205,suburban
7.41643742,51.490626899999995,suburban
7.41733384,51.49005385,suburban
7.4177138,51.48899434,suburban
7.41783427,51.48743772,suburban
7.41859211,51.4860725,suburban
7.41896866,51.484934100000004,suburban
7.41855151,51.48400267,suburban
7.41743045,51.48291346,suburban
7.4166928,51.48169383,suburban
7.41663655,51.48160897,suburban
7.41693462,51.48140292,suburban
7.41935936,51.48159119,suburban
7.42168217,51.48172968,suburban
7.42580966,51.48229363,suburban
7.42714175,51.48247513,suburban
7.42776778,51.48254459,suburban
7.43069303,51.48238819,suburban
7.4323992,51.48222668,suburban
7.43389326,51.48212828,suburban
7.43548235,51.48202765,suburban
7.43663655,51.4819469,suburban
7.43890398,51.48174465,suburban
7.43980555,51.48169763,suburban
7.44184046,51.48140522,suburban
7.44278019,51.48078644,suburban
7.44414917,51.4790719,suburban
7.44534869,51.47770668,suburban
7.44595233,51.47701665,suburban
7.44648614,51.47640859,suburban
7.44691611,51.47591767,suburban
7.44734619,51.47544277,suburban
7.44818641,51.47466596,suburban
7.44856818,51.47437203,suburban
7.44989254,51.47349263,suburban
7.45322049,51.4725415,suburban
7.45532897,51.47218744,suburban
7.45735733,51.47163622,suburban
7.45892306,51.47114392,suburban
7.45892306,51.47114392,suburban
7.45892306,51.47114392,suburban
7.45955924,51.47095363,suburban
7.46084675,51.47062608,suburban
7.46585976,51.46939911,suburban
7.4676758,51.46944204,suburban
7.46976139,51.46967839,suburban
7.47269156,51.46979102,suburban
7.47745701,51.46951069,suburban
7.47847644,51.46967083,suburban
7.478639299999999,51.46969665,suburban
7.478639299999999,51.46969665,suburban
7.48072706,51.47011261,suburban
7.48184149,51.46982319,suburban
7.48232729,51.46867452,suburban
7.48272226,51.46745007,suburban
7.48267881,51.46662683,suburban
7.48174504,51.46509715,suburban
7.48105015,51.46391614,suburban
7.48044173,51.46201724,suburban
7.48211286,51.46197798,suburban
7.48367726,51.46192689,suburban
7.48453196,51.46089269,suburban
7.48420498,51.45916099,suburban
7.48368691,51.45783533,suburban
7.48341127,51.45695877,suburban
7.48333344,51.45505331,suburban
7.48430629,51.45375399,suburban
7.48749435,51.4514124,suburban
7.41438031,51.4905811,suburban
7.41744018,51.48985864,suburban
7.41823058,51.48707972,suburban
7.41864673,51.48619766,suburban
7.41898991,51.48483071,suburban
7.4168498,51.48206756,suburban
7.41660804,51.48162588,suburban
7.41660804,51.48162588,suburban
7.41660804,51.48162588,suburban
7.4169345,51.48141765,suburban
7.4216182,51.48173622,suburban
7.42402413,51.48207919,suburban
7.426157300000001,51.48237222,suburban
7.42828918,51.48260086,suburban
7.42828918,51.48260086,suburban
7.42828918,51.48260086,suburban
7.42868188,51.48259428,suburban
7.43064404,51.48241473,suburban
7.43089374,51.48239821,suburban
7.4309447,51.48237366,suburban
7.4309447,51.48237366,suburban
7.4316189,51.48231137,suburban
7.43319049,51.48218,suburban
7.43484249,51.48207739,suburban
7.436800999999999,51.48195232,suburban
7.43766417,51.48189731,suburban
7.43891048,51.48178761,suburban
7.44051327,51.48171162,suburban
7.44084219,51.48169435,suburban
7.44088998,51.48171582,suburban
7.44154443,51.48159931,suburban
7.44217387,51.48127537,suburban
7.44371277,51.47956188,suburban
7.44488554,51.47824043,suburban
7.44555782,51.47745961,suburban
7.44641945,51.47646052,suburban
7.44721038,51.47553312,suburban
7.44823242,51.47462041,suburban
7.44829443,51.47457369,suburban
7.44829443,51.47457369,suburban
7.44829443,51.47457369,suburban
7.44837368,51.47453405,suburban
7.44895588,51.4741099,suburban
7.45061585,51.47320842,suburban
7.45252392,51.47269382,suburban
7.45478998,51.47232324,suburban
7.45644102,51.47194158,suburban
7.45842485,51.47130316,suburban
7.45921205,51.47105953,suburban
7.45932698,51.47101549,suburban
7.45932698,51.47101549,suburban
7.45932698,51.47101549,suburban
7.4597345,51.4709006,suburban
7.46211386,51.47025202,suburban
7.46314387,51.46994676,suburban
7.46494596,51.46954594,suburban
7.46769969,51.46948142,suburban
7.47037225,51.46974511,suburban
7.47279538,51.46979145,suburban
7.47647021,51.46952963,suburban
7.47699682,51.46953894,suburban
7.47882068,51.46976351,suburban
7.47905945,51.46981356,suburban
7.479474400000001,51.46986419,suburban
7.48089515,51.47016371,suburban
7.48214919,51.46908081,suburban
7.48231169,51.46860648,suburban
7.48272504,51.4674405,suburban
7.48235926,51.46604375,suburban
7.48139728,51.464628999999995,suburban
7.48080034,51.46343295,suburban
7.48039516,51.46249711,suburban
7.48030251,51.4622858,suburban
7.48029815,51.46227902,suburban
7.48029815,51.46227902,suburban
7.48029815,51.46227902,suburban
7.48020923,51.46209951,suburban
7.48043621,51.46203378,suburban
7.48247656,51.46200202,suburban
7.48424634,51.46190465,suburban
7.48455209,51.46090568,suburban
7.4843304,51.45945798,suburban
7.48370726,51.45771941,suburban
7.48323743,51.456089299999995,suburban
7.48352918,51.45458269,suburban
7.48486929,51.45338467,suburban
7.4868445999999995,51.45220427,suburban
7.47038903,51.51045345,urban
7.47166369,51.51132557,urban
7.47270911,51.51221751,urban
7.47273814,51.51232811,urban
7.47273814,51.51232811,urban
7.47285863,51.51301127,urban
7.47299943,51.51410078,urban
7.4730179,51.51475064,urban
7.47301915,51.5147651,urban
7.47301915,51.5147651,urban
7.47253928,51.51598906,urban
7.47111619,51.51663322,urban
7.46930362,51.51706746,urban
7.46790577,51.51739715,urban
7.46720884,51.51762085,urban
7.46611621,51.51782435,urban
7.4644143,51.51783459,urban
7.46285995,51.5174735,urban
7.46137927,51.51714275,urban
7.45962087,51.51676893,urban
7.45779515,51.516526299999995,urban
7.45614191,51.51615243,urban
7.45523599,51.51564286,urban
7.45674875,51.51273599,urban
7.45836734,51.51200829,urban
7.45998199,51.51127134,urban
7.46141485,51.51041611,urban
7.46248148,51.50996392,urban
7.46419435,51.50987101,urban
7.46558862,51.50984934,urban
7.47044189,51.51046404,urban
7.47102961,51.51082955,urban
7.47107818,51.5108801,urban
7.47273451,51.51233532,urban
7.47273599,51.51236263,urban
7.47273599,51.51236263,urban
7.47273599,51.51236263,urban
7.47281881,51.51323816,urban
7.47290801,51.51370532,urban
7.47289505,51.51396523,urban
7.47292131,51.51452852,urban
7.47300792,51.51526879,urban
7.47140169,51.51655683,urban
7.46953877,51.5170324,urban
7.46813975,51.51732599,urban
7.46670001,51.51772015,urban
7.46402611,51.51775214,urban
7.46040185,51.51689146,urban
7.45745213,51.51646819,urban
7.45732383,51.51645892,urban
7.45621124,51.51617601,urban
7.45562332,51.51594303,urban
7.45516888,51.51513272,urban
7.45537845,51.51428689,urban
7.4553973,51.51417212,urban
7.4553973,51.51417212,urban
7.4553973,51.51417212,urban
7.4553973,51.51417212,urban
7.4553973,51.51417212,urban
7.45548123,51.51388649,urban
7.45613665,51.51305442,urban
7.45809048,51.51213022,urban
7.4595366,51.51149457,urban
7.46107159,51.51058671,urban
7.46185608,51.5101878,urban
7.46294025,51.50991603,urban
7.46406775,51.50987926,urban
7.46529158,51.5098795,urban
7.46920561,51.51000483,urban
7.47078774,51.51065062,urban
7.4718553,51.51152602,urban
7.47294125,51.51331781,urban
7.47298647,51.51377741,urban
7.47298647,51.51377741,urban
7.47294831,51.51458158,urban
7.47296221,51.51472825,urban
7.47296221,51.51472825,urban
7.47296221,51.51472825,urban
7.47296221,51.51472825,urban
7.47296221,51.51472825,urban
7.47295191,51.51484361,urban
7.4727042,51.51579707,urban
7.47183006,51.51638595,urban
7.46985538,51.51693491,urban
7.468424799999999,51.51723739,urban
7.467156,51.51759307,urban
7.46532277,51.51784778,urban
7.46343913,51.51761095,urban
7.46232388,51.51730578,urban
7.46019166,51.51684839,urban
7.45917944,51.51669277,urban
7.45748142,51.51647266,urban
7.45509473,51.51538745,urban
7.45546749,51.51394823,urban
7.45621701,51.5130136,urban
7.45795303,51.512212,urban
7.45890549,51.5117811,urban
7.45916751,51.51167412,urban
7.45916751,51.51167412,urban
7.45916751,51.51167412,urban
7.45916751,51.51167412,urban
7.4598459,51.51133967,urban
7.461599900000001,51.51032473,urban
7.46189807,51.510194399999996,urban
7.46189807,51.510194399999996,urban
7.46189807,51.510194399999996,urban
7.46399474,51.50988626,urban
7.46531684,51.5098889,urban
7.46915708,51.50995128,urban
7.47087177,51.51068388,urban
7.47223553,51.51180596,urban
7.47287768,51.51282999,urban
7.47297584,51.514349100000004,urban
7.47286155,51.51566689,urban
7.4712704,51.51658176,urban
7.46905076,51.517114500000005,urban
7.46674223,51.51770722,urban
7.46483877,51.51786795,urban
7.46100188,51.51700946,urban
7.45892141,51.51665043,urban
7.45739985,51.51645853,urban
7.45738044,51.51645973,urban
7.45684137,51.51635028,urban
7.45519237,51.51486076,urban
7.45549922,51.51370787,urban
7.45625058,51.51300847,urban
7.45906594,51.51174508,urban
7.45911087,51.51173311,urban
7.45911087,51.51173311,urban
7.46061287,51.51082416,urban
7.46180022,51.51020853,urban
7.461894099999999,51.51018323,urban
7.461894099999999,51.51018323,urban
7.461894099999999,51.51018323,urban
7.46214209,51.51007583,urban
7.46389227,51.50988325,urban
7.46473161,51.5098841,urban
7.46678933,51.50985164,urban
7.4696603,51.51013997,urban
7.47078629,51.51063927,urban
7.471064500000001,51.5108814,urban
7.471064500000001,51.5108814,urban
7.4720242,51.51164049,urban
7.47283827,51.51278536,urban
7.4729,51.5136354,urban
7.47301804,51.51476969,urban
7.47301811,51.51476978,urban
7.47301811,51.51476978,urban
7.4729,51.5136354,urban
7.47301811,51.51476978,urban
7.47300564,51.51525455,urban
7.47129533,51.51658118,urban
7.47033978,51.5168348,urban
7.46845584,51.51722177,urban
7.46527484,51.51783834,urban
7.46286322,51.51737738,urban
7.46106863,51.51700027,urban
7.459647599999999,51.51673641,urban
7.45806106,51.51651162,urban
7.45744962,51.51643814,urban
7.4568979,51.51633059,urban
7.45606867,51.51607339,urban
7.4551150999999996,51.51529892,urban
7.45545588,51.51405233,urban
7.4559237000000005,51.51321118,urban
7.45750089,51.51245685,urban
7.45899271,51.5118056,urban
7.45907246,51.51176208,urban
7.45907246,51.51176208,urban
7.45907246,51.51176208,urban
7.45907246,51.51176208,urban
7.46004754,51.51120839,urban
7.46085006,51.51073134,urban
7.4620177,51.51013769,urban
7.4620177,51.51013769,urban
7.4620177,51.51013769,urban
7.46417623,51.50988255,urban
7.46491423,51.509885100000005,urban
7.46899857,51.5098912,urban
7.47226133,51.51182187,urban
7.47294306,51.51375176,urban
7.47296983,51.51400792,urban
7.47298065,51.51468863,urban
7.47298065,51.51468863,urban
7.47298065,51.51468863,urban
7.47298065,51.51468863,urban
7.47298065,51.51468863,urban
7.47169924,51.5164546,urban
7.46971694,51.51695464,urban
7.46791454,51.51733851,urban
7.46646993,51.51775189,urban
7.46462605,51.51784418,urban
7.4634488,51.51763135,urban
7.46241361,51.5172874,urban
7.46150898,51.51705448,urban
7.45982386,51.51676428,urban
7.4579469,51.5165258,urban
7.4574544000000005,51.51648382,urban
7.45732748,51.51646307,urban
7.45651249,51.51627087,urban
7.45522303,51.51461302,urban
7.45537569,51.51416444,urban
7.45538232,51.51414528,urban
7.45538232,51.51414528,urban
7.45538232,51.51414528,urban
7.45538232,51.51414528,urban
7.45538232,51.51414528,urban
7.45557641,51.5135786,urban
7.45625118,51.51297704,urban
7.45857502,51.51197089,urban
7.45981368,51.51141026,urban
7.46132881,51.51051676,urban
7.46177991,51.51023936,urban
7.46405785,51.50981384,urban
7.46500051,51.50982153,urban
7.47035247,51.51047216,urban
7.47181899,51.51151628,urban
7.47274049,51.51239386,urban
7.47274049,51.51239386,urban
7.47274049,51.51239386,urban
7.47280341,51.51315852,urban
7.47285374,51.5136297,urban
7.47289864,51.51422662,urban
7.472976299999999,51.51475229,urban
7.47285054,51.51568444,urban
7.47122217,51.51662122,urban
7.46924654,51.517072399999996,urban
7.46771667,51.51741845,urban
7.46580479,51.51784841,urban
7.46357617,51.51770621,urban
7.4622564,51.51747907,urban
7.46061627,51.5170271,urban
7.45790979,51.51656587,urban
7.45698077,51.51641757,urban
7.45689139,51.51638799,urban
7.45579907,51.51605367,urban
7.45513647,51.51504038,urban
7.45557725,51.51364803,urban
7.45682372,51.51273983,urban
7.45850401,51.51202011,urban
7.46019461,51.51121253,urban
7.46178694,51.51029213,urban
7.46183583,51.5102679,urban
7.46313545,51.50993559,urban
7.46594773,51.50988702,urban
7.46981116,51.51020961,urban
7.4714325,51.51119203,urban
7.47248051,51.51204152,urban
7.47288782,51.51368902,urban
7.47291525,51.51456867,urban
7.47282808,51.51568738,urban
7.47108037,51.51665813,urban
7.46970485,51.51696901,urban
7.46933513,51.5170322,urban
7.46933513,51.5170322,urban
7.46933513,51.5170322,urban
7.46933513,51.5170322,urban
7.46905589,51.51706937,urban
7.46736607,51.51751804,urban
7.46579946,51.51785021,urban
7.46466098,51.51781349,urban
7.46401414,51.51773581,urban
7.46256478,51.51740193,urban
7.46058967,51.51697432,urban
7.45914815,51.51672186,urban
7.45728657,51.51646986,urban
7.45715146,51.51644396,urban
7.45677536,51.51637656,urban
7.45531476,51.51595794,urban
7.45506568,51.51514914,urban
7.45548697,51.513794,urban
7.45688174,51.51273949,urban
7.45858593,51.51201688,urban
7.46042732,51.51109841,urban
7.46325352,51.50988915,urban
7.46501366,51.50982596,urban
7.46988048,51.51021025,urban
7.47092799,51.51078138,urban
7.47102108,51.51087255,urban
7.47128642,51.51108543,urban
7.47258736,51.51211606,urban
7.472861900000001,51.51324499,urban
7.47291051,51.514326399999995,urban
7.47295762,51.5148217,urban
7.47295762,51.5148217,urban
7.47295762,51.5148217,urban
7.47295762,51.5148217,urban
7.47296534,51.51512987,urban
7.47230929,51.51622564,urban
7.47078406,51.51672821,urban
7.46951912,51.51702594,urban
7.46780395,51.517397499999994,urban
7.46589033,51.51785424,urban
7.46498238,51.51786359,urban
7.46365208,51.51768818,urban
7.46174649,51.51723172,urban
7.46056416,51.51695751,urban
7.45847057,51.51663914,urban
7.45785562,51.51656248,urban
7.45734735,51.5164675,urban
7.45649476,51.51629091,urban
7.45527384,51.515808299999996,urban
7.45512601,51.51505864,urban
7.45555148,51.51367304,urban
7.45672884,51.51280758,urban
7.458300299999999,51.51212968,urban
7.45920211,51.51172559,urban
7.45920211,51.51172559,urban
7.45920211,51.51172559,urban
7.45920211,51.51172559,urban
7.45999362,51.51131349,urban
7.4611852,51.51060913,urban
7.46203963,51.51015028,urban
7.46203963,51.51015028,urban
7.46203963,51.51015028,urban
7.46227113,51.51007833,urban
7.46418704,51.50980295,urban
7.46512363,51.50985643,urban
7.46672667,51.5098191,urban
7.47094972,51.51082231,urban
7.47111622,51.51100267,urban
7.47169217,51.51145103,urban
7.472689999999999,51.51228752,urban
7.47286427,51.51331518,urban
7.472889100000001,51.51392045,urban
7.47288568,51.51395874,urban
7.47288568,51.51395874,urban
7.47289031,51.51410653,urban
7.4729369000000005,51.51467996,urban
7.47295716,51.51489747,urban
7.47271382,51.51587497,urban
7.47106394,51.516670700000006,urban
7.46919088,51.51711319,urban
7.46721713,51.51762461,urban
7.46544378,51.517905299999995,urban
7.46354557,51.51771031,urban
7.4623208,51.51740087,urban
7.45968001,51.51683146,urban
7.45759683,51.51654436,urban
7.45707604,51.51646042,urban
7.45565045,51.51602157,urban
7.45527142,51.51431272,urban
7.45531018,51.51417864,urban
7.45531018,51.51417864,urban
7.45531018,51.51417864,urban
7.45531018,51.51417864,urban
7.45531018,51.51417864,urban
7.45547376,51.51363645,urban
7.45661368,51.51281431,urban
7.45786505,51.51223279,urban
7.45957314,51.51143424,urban
7.46068113,51.51088515,urban
7.46149659,51.51039588,urban
7.46169146,51.51022813,urban
7.46304719,51.50984694,urban
7.46358862,51.50978664,urban
7.465158099999999,51.50979777,urban
7.46643758,51.50975031,urban
